{"cameraMode":{"drawMode":0,"name":"Shaded","section":"Shading Mode"},"sceneLighting":true,"audioPlay":false,"sceneViewState":{"m_AlwaysRefresh":false,"showFog":true,"showSkybox":true,"showFlares":true,"showImageEffects":true,"showParticleSystems":true,"showVisualEffectGraphs":true,"m_FxEnabled":true},"in2DMode":false,"pivot":{"x":-1.0312259197235108,"y":0.9105963706970215,"z":-1.0773379802703858},"rotation":{"x":0.008474016562104226,"y":0.9913905262947083,"z":-0.10028153657913208,"w":0.08377373218536377},"size":0.8510971069335938,"orthographic":true}